step,impact_time,step_period,theta_ns,theta_s,dtheta_ns,dtheta_s
1,0.7174650748488578,0.7174650748488578,-0.4272996573637435,0.25276673216431034,0.00041342489798488206,-1.18460137661335
2,1.516482579165527,0.7990175043166693,-0.38235283519728314,0.20781990999784852,-0.15974884897998223,-1.1603463035919526
3,2.2061649665030885,0.6896823873375613,-0.42949735136621486,0.254964426166782,-0.028851140062903013,-1.2018057361111827
4,3.001913939418843,0.7957489729157545,-0.39234811926562463,0.2178151940661914,-0.108006765687405,-1.1614448887511488
5,3.719379012185562,0.7174650727667187,-0.4272996577965227,0.25276673259708987,0.0004134245698605099,-1.184601377669188
6,4.518396517072801,0.7990175048872385,-0.3823528349688959,0.20781990976946127,-0.15974884953589807,-1.1603463034681891
7,5.208078903793066,0.6896823867202648,-0.4294973513252701,0.25496442612583736,-0.028851141269135284,-1.201805736545378
8,6.00382787637746,0.7957489725843939,-0.3923481197753245,0.21781519457589132,-0.10800676318566182,-1.1614448888095459
9,6.721292950530461,0.7174650741530009,-0.42729965750370447,0.2527667323042714,0.0004134247566348393,-1.1846013769673664
10,7.520310455025554,0.7990175044950937,-0.38235283513507445,0.20781990993563984,-0.15974884910436346,-1.16034630355429
11,8.209992842196309,0.6896823871707539,-0.429497351354677,0.25496442615524395,-0.028851140389088314,-1.2018057362278725
12,9.005741815021587,0.7957489728252787,-0.39234811940407205,0.2178151942046388,-0.10800676500838123,-1.161444888767111
13,9.723206888164817,0.7174650731432302,-0.42729965771701817,0.25276673251758514,0.0004134246207041059,-1.1846013774785764
14,10.522224392945612,0.7990175047807938,-0.3823528350139611,0.2078199098145299,-0.15974884941898218,-1.1603463034915515
15,11.211906779788048,0.6896823868424365,-0.42949735133324346,0.25496442613381065,-0.028851141030493823,-1.2018057364592754
16,12.007655752437763,0.7957489726497154,-0.39234811967464944,0.21781519447521624,-0.108006763679942,-1.1614448887980386
17,12.725120826316937,0.7174650738791741,-0.42729965756155014,0.25276673236211733,0.0004134247197736585,-1.1846013771059947
18,13.524138330889507,0.7990175045725696,-0.38235283510223067,0.20781990990279636,-0.1597488491896865,-1.1603463035372774
19,14.213820717971226,0.6896823870817184,-0.4294973513488649,0.25496442614943204,-0.02885114056302598,-1.2018057362906258
20,15.009569690748895,0.7957489727776696,-0.3923481194774469,0.21781519427801385,-0.10800676464813606,-1.1614448887754973
21,15.727034764091698,0.7174650733428035,-0.4272996576748583,0.25276673247542514,0.00041342464756972676,-1.1846013773775397
22,16.526052268816024,0.7990175047243273,-0.3823528350379,0.20781990983846554,-0.15974884935679834,-1.1603463035039538
23,17.215734655723345,0.6896823869073229,-0.429497351337482,0.2549644261380491,-0.028851140903712748,-1.201805736413541
24,18.011483628407763,0.7957489726844197,-0.39234811962116617,0.21781519442173305,-0.10800676394252413,-1.161444888791925
25,18.72894870214147,0.7174650737337056,-0.4272996575922803,0.25276673239284736,0.00041342470019145594,-1.1846013771796402
26,19.527966206755195,0.7990175046137272,-0.3823528350847843,0.2078199098853498,-0.1597488492350049,-1.1603463035282398
27,20.21764859378962,0.689682387034422,-0.4294973513457778,0.25496442614634496,-0.028851140655420694,-1.2018057363239607
28,21.013397566541997,0.7957489727523797,-0.3923481195164242,0.21781519431699128,-0.10800676445677056,-1.1614448887799524
29,21.730862639990814,0.7174650734488183,-0.4272996576524627,0.2527667324530296,0.00041342466184062236,-1.1846013773238686
30,22.529880144685148,0.7990175046943319,-0.38235283505061535,0.20781990985118104,-0.15974884932376662,-1.1603463035105406
31,23.21956253162694,0.6896823869417936,-0.429497351339732,0.25496442614029885,-0.02885114083637319,-1.201805736389246
32,24.01531150432979,0.7957489727028505,-0.3923481195927601,0.21781519439332733,-0.10800676408198556,-1.1614448887886772
33,24.732776577986236,0.7174650736564453,-0.4272996576086014,0.2527667324091684,0.0004134246897891103,-1.1846013772187551
34,25.531794082621822,0.7990175046355861,-0.38235283507551904,0.20781990987608454,-0.15974884925907207,-1.1603463035234407
35,26.221476469631128,0.6896823870093044,-0.4294973513441384,0.2549644261447055,-0.028851140704487577,-1.2018057363416634
36,27.017225442370076,0.7957489727389492,-0.39234811953712423,0.21781519433769142,-0.10800676435513878,-1.1614448887823177
37,27.734690515875197,0.7174650735051212,-0.42729965764056804,0.2527667324411349,0.00041342466941500793,-1.1846013772953645
38,28.533708020553597,0.7990175046783998,-0.38235283505737083,0.20781990985793647,-0.15974884930621303,-1.1603463035140384
39,29.223390407513705,0.6896823869601075,-0.42949735134092704,0.2549644261414942,-0.02885114080059772,-1.2018057363763384
40,30.01913938022635,0.7957489727126432,-0.3923481195776673,0.2178151943782341,-0.10800676415608841,-1.1614448887869528
41,30.736604453841743,0.7174650736153929,-0.4272996576172736,0.25276673241784064,0.0004134246842625089,-1.1846013772395385
42,31.535621958488942,0.7990175046472011,-0.3823528350705952,0.20781990987116056,-0.15974884927186253,-1.1603463035208896
43,32.2253043454849,0.6896823869959563,-0.4294973513432674,0.25496442614383447,-0.02885114073056272,-1.2018057363510715
44,33.021053318216715,0.7957489727318128,-0.39234811954812326,0.21781519434869034,-0.10800676430113826,-1.1614448887835758
45,33.738518391751754,0.7174650735350366,-0.4272996576342489,0.25276673243481607,0.00041342467344662737,-1.1846013772802189
46,34.537535896421694,0.7990175046699377,-0.3823528350609565,0.20781990986152188,-0.15974884929690278,-1.1603463035158967
47,35.22721828339152,0.6896823869698266,-0.42949735134156203,0.25496442614212916,-0.02885114078160669,-1.201805736369488
48,36.02296725610936,0.7957489727178417,-0.39234811956965604,0.21781519437022315,-0.10800676419541909,-1.1614448887860365
