radius,50,100,150,200,250,300,350,400,450,500,550,600,650,700,750,800,850,900,950,1000,1050,1100,1150,1200,1250,1300,1350,1400,1450,1500
0.0,0,0,0,0,0,0,0,0,0,0,0,0,0,0,0,0,0,0,0,0,0,0,0,0,0,0,0,0,0,0
0.015,0,0,0,0,0,0,0,0,0,0,0,0,0,0,0,0,0,0,0,0,0,0,0,0,0,0,0,0,0,0
0.03,0,0,0,0,0,0,0,0,0,0,0,0,0,0,0,0,0,0,0,0,0,0,0,0,0,0,0,0,0,0
0.045,0,0,0,0,0,0,0,0,0,0,0,0,0,0,0,0,0,0,0,0,0,0,0,0,0,0,0,0,0,0
0.06,0,0,0,0,0,0,0,0,0,0,0,0,0,0,0,0,0,0,0,0,0,0,0,0,0,0,0,0,0,0
0.075,0,0,0,0,0,0,0,0,0,0,0,0,0,0,0,0,0,0,0,0,0,0,0,0,0,0,0,0,0,0
0.09,0,0,0,0,0,0,0,0,0,0,0,0,0,0,0,0,0,0,0,0,0,0,0,0,0,0,0,0,0,0
0.105,0,0,0,0,0,0,0,0,0,0,0,0,0,0,0,0,0,0,0,0,0,0,0,0,0,0,0,0,0,0
0.12,0,0,0,0,0,0,0,0,0,0,0,0,0,0,0,0,0,0,0,0,0,0,0,0,0,0,0,0,0,0
0.135,0,0,0,0,0,0,0,0,0,0,0,0,0,0,0,0,0,0,0,0,0,0,0,0,0,0,0,0,0,0
0.15,0,0,0,0,0,0,0,0,0,0,0,0,0,0,0,0,0,0,0,0,0,0,0,0,0,0,0,0,0,0
0.165,0,0,0,0,0,0,0,0,0,0,0,0,0,0,0,0,0,0,0,0,0,0,0,0,0,0,0,0,0,0
0.18,0,0,0,0,0,0,0,0,0,0,0,0,0,0,0,0,0,0,0,0,0,0,0,0,0,0,0,0,0,0
0.195,0,0,0,0,0,0,0,0,0,0,0,0,0,0,0,0,0,0,0,0,0,0,0,0,0,0,0,0,0,0
0.21,0,0,0,0,0,0,0,0,0,0,0,0,0,0,0,0,0,0,0,0,0,0,0,0,0,0,0,0,0,0
0.225,0,0,0,0,0,0,0,0,0,0,0,0,0,0,0,0,0,0,0,0,0,0,0,0,0,0,0,0,0,0
0.24,0,0,0,0,0,0,0,0,0,0,0,0,0,0,0,0,0,0,0,0,0,0,0,0,0,0,0,0,0,0
0.255,0,0,0,0,0,0,0,0,0,0,0,0,0,0,0,0,0,0,0,0,0,0,0,0,0,0,0,0,0,0
0.27,0,0,0,0,0,0,0,0,0,0,0,0,0,0,0,0,0,0,0,0,0,0,0,0,0,0,0,0,0,0
0.285,0,0,0,0,0,0,0,0,0,0,0,0,0,0,0,0,0,0,0,0,0,0,0,0,0,0,0,0,0,0
0.3,0,0,0,0,0,0,0,0,0,0,0,0,0,0,0,0,0,0,0,0,0,0,0,0,0,0,0,0,0,0
0.315,0,0,0,0,0,0,0,0,0,0,0,0,0,0,0,0,0,0,0,0,0,0,0,0,0,0,0,0,0,0
0.33,0,0,0,0,0,0,0,0,0,0,0,0,0,0,0,0,0,0,0,0,0,0,0,0,0,0,0,0,0,0
0.345,0,0,0,0,0,0,0,0,0,0,0,0,0,0,0,0,0,0,0,0,0,0,0,0,0,0,0,0,0,0
0.36,0,0,0,0,0,0,0,0,0,0,0,0,20,41,54,63,61,81,89,79,95,103,112,114,113,127,132,138,145,149
0.375,0,0,0,0,0,0,0,0,0,0,0,0,20,41,55,65,62,83,93,83,98,103,112,115,115,130,132,139,145,150
0.39,0,0,0,0,0,0,0,0,0,0,0,0,23,48,57,73,69,86,96,87,107,106,121,119,121,134,135,145,150,150
0.405,0,0,0,0,0,0,0,0,0,0,0,0,35,55,65,74,69,88,102,103,125,135,146,149,150,150,150,150,150,150
0.42,0,0,0,0,0,0,0,0,0,0,0,0,36,58,66,78,75,88,106,104,128,137,147,150,150,150,150,150,150,150
0.435,0,0,0,0,0,0,0,0,0,0,5,5,76,92,95,108,102,111,127,124,138,140,148,150,150,150,150,150,150,150
0.45,0,0,0,0,0,0,0,0,0,3,6,5,77,92,97,109,103,113,128,127,139,142,148,150,150,150,150,150,150,150
0.465,0,0,0,0,0,0,0,0,0,3,6,5,79,94,100,109,105,114,131,130,141,144,150,150,150,150,150,150,150,150
0.48,0,0,0,0,0,0,0,0,0,3,6,5,82,98,102,110,111,119,131,130,141,146,150,150,150,150,150,150,150,150
0.495,0,0,0,0,0,0,0,0,0,3,7,5,85,101,102,111,114,119,133,132,142,146,150,150,150,150,150,150,150,150
0.51,0,0,0,0,0,0,0,0,0,3,7,5,87,101,104,112,116,120,133,134,142,149,150,150,150,150,150,150,150,150
0.525,0,0,0,0,0,0,0,0,0,3,8,5,88,101,105,112,117,121,135,135,145,150,150,150,150,150,150,150,150,150
0.54,0,0,0,0,0,0,0,0,0,3,8,6,126,137,146,150,150,150,150,150,150,150,150,150,150,150,150,150,150,150
0.555,0,0,0,0,0,0,0,0,0,3,8,7,127,139,148,150,150,150,150,150,150,150,150,150,150,150,150,150,150,150
0.57,0,0,0,0,0,0,0,0,0,3,8,7,127,139,148,150,150,150,150,150,150,150,150,150,150,150,150,150,150,150
0.585,0,0,0,0,0,0,0,0,0,3,8,14,127,139,148,150,150,150,150,150,150,150,150,150,150,150,150,150,150,150
0.6,0,0,0,0,0,0,0,0,0,3,10,15,127,141,148,150,150,150,150,150,150,150,150,150,150,150,150,150,150,150
0.615,0,0,0,0,0,0,0,0,0,3,11,17,128,142,148,150,150,150,150,150,150,150,150,150,150,150,150,150,150,150
0.63,0,0,0,0,0,0,0,0,0,5,16,45,150,150,150,150,150,150,150,150,150,150,150,150,150,150,150,150,150,150
0.645,0,0,0,0,0,0,0,0,0,5,21,45,150,150,150,150,150,150,150,150,150,150,150,150,150,150,150,150,150,150
0.66,0,0,0,0,0,0,0,0,0,5,23,47,150,150,150,150,150,150,150,150,150,150,150,150,150,150,150,150,150,150
0.675,0,0,0,0,0,0,0,0,0,6,23,47,150,150,150,150,150,150,150,150,150,150,150,150,150,150,150,150,150,150
0.69,0,0,0,0,0,0,0,0,0,6,23,51,150,150,150,150,150,150,150,150,150,150,150,150,150,150,150,150,150,150
0.705,0,0,0,0,0,0,0,0,0,8,25,54,150,150,150,150,150,150,150,150,150,150,150,150,150,150,150,150,150,150
0.72,0,0,0,0,0,0,0,0,0,8,27,55,150,150,150,150,150,150,150,150,150,150,150,150,150,150,150,150,150,150
0.735,0,0,0,0,0,0,0,0,0,8,29,55,150,150,150,150,150,150,150,150,150,150,150,150,150,150,150,150,150,150
0.75,0,0,0,0,0,0,0,0,0,8,31,55,150,150,150,150,150,150,150,150,150,150,150,150,150,150,150,150,150,150
0.765,0,0,0,0,0,0,0,0,0,8,31,56,150,150,150,150,150,150,150,150,150,150,150,150,150,150,150,150,150,150
0.78,0,0,0,0,0,0,0,0,0,8,31,58,150,150,150,150,150,150,150,150,150,150,150,150,150,150,150,150,150,150
0.795,0,0,0,0,0,0,0,0,0,8,31,58,150,150,150,150,150,150,150,150,150,150,150,150,150,150,150,150,150,150
0.81,0,0,0,0,0,0,0,0,0,10,32,59,150,150,150,150,150,150,150,150,150,150,150,150,150,150,150,150,150,150
0.825,0,0,0,0,0,0,0,0,0,10,33,59,150,150,150,150,150,150,150,150,150,150,150,150,150,150,150,150,150,150
0.84,0,0,0,0,0,0,1,10,4,17,42,66,150,150,150,150,150,150,150,150,150,150,150,150,150,150,150,150,150,150
0.855,0,0,0,0,0,0,2,17,15,27,50,78,150,150,150,150,150,150,150,150,150,150,150,150,150,150,150,150,150,150
0.87,0,0,0,0,0,0,3,18,16,28,50,79,150,150,150,150,150,150,150,150,150,150,150,150,150,150,150,150,150,150
0.885,0,0,0,0,0,0,3,18,17,28,50,79,150,150,150,150,150,150,150,150,150,150,150,150,150,150,150,150,150,150
0.9,0,0,0,0,0,0,4,18,17,28,50,79,150,150,150,150,150,150,150,150,150,150,150,150,150,150,150,150,150,150
0.915,0,0,0,0,0,0,4,18,18,28,50,80,150,150,150,150,150,150,150,150,150,150,150,150,150,150,150,150,150,150
0.93,0,0,0,0,0,0,4,18,18,28,50,80,150,150,150,150,150,150,150,150,150,150,150,150,150,150,150,150,150,150
0.945,0,0,0,0,0,0,4,18,18,29,51,80,150,150,150,150,150,150,150,150,150,150,150,150,150,150,150,150,150,150
0.96,0,0,0,0,0,0,4,18,18,29,51,80,150,150,150,150,150,150,150,150,150,150,150,150,150,150,150,150,150,150
0.975,0,0,0,0,0,0,4,18,18,29,51,80,150,150,150,150,150,150,150,150,150,150,150,150,150,150,150,150,150,150
0.99,0,0,0,0,0,0,4,18,18,29,51,80,150,150,150,150,150,150,150,150,150,150,150,150,150,150,150,150,150,150
1.005,0,0,0,0,0,0,4,18,18,29,52,81,150,150,150,150,150,150,150,150,150,150,150,150,150,150,150,150,150,150
1.02,0,0,0,0,0,0,4,18,18,29,52,81,150,150,150,150,150,150,150,150,150,150,150,150,150,150,150,150,150,150
1.035,0,0,0,0,0,0,7,27,33,50,64,103,150,150,150,150,150,150,150,150,150,150,150,150,150,150,150,150,150,150
1.05,0,0,0,0,0,0,7,27,33,50,64,103,150,150,150,150,150,150,150,150,150,150,150,150,150,150,150,150,150,150
1.065,0,0,0,0,0,0,7,27,33,50,64,104,150,150,150,150,150,150,150,150,150,150,150,150,150,150,150,150,150,150
1.08,0,0,0,0,0,0,7,27,34,50,65,104,150,150,150,150,150,150,150,150,150,150,150,150,150,150,150,150,150,150
1.095,0,0,0,0,0,0,7,27,34,50,65,104,150,150,150,150,150,150,150,150,150,150,150,150,150,150,150,150,150,150
1.11,0,0,0,0,0,0,8,27,34,50,65,104,150,150,150,150,150,150,150,150,150,150,150,150,150,150,150,150,150,150
1.125,0,0,0,0,0,0,8,28,34,50,65,104,150,150,150,150,150,150,150,150,150,150,150,150,150,150,150,150,150,150
1.14,0,0,0,0,0,0,8,28,34,50,65,104,150,150,150,150,150,150,150,150,150,150,150,150,150,150,150,150,150,150
1.155,0,0,0,0,0,0,8,28,34,51,65,104,150,150,150,150,150,150,150,150,150,150,150,150,150,150,150,150,150,150
1.17,0,0,0,0,0,0,8,28,35,51,65,105,150,150,150,150,150,150,150,150,150,150,150,150,150,150,150,150,150,150
1.185,0,0,0,0,0,0,8,28,35,51,65,105,150,150,150,150,150,150,150,150,150,150,150,150,150,150,150,150,150,150
1.2,0,0,0,0,0,0,8,28,35,51,65,105,150,150,150,150,150,150,150,150,150,150,150,150,150,150,150,150,150,150
1.215,0,0,0,0,0,0,8,29,35,51,65,105,150,150,150,150,150,150,150,150,150,150,150,150,150,150,150,150,150,150
1.23,0,0,0,0,0,0,8,29,35,52,65,105,150,150,150,150,150,150,150,150,150,150,150,150,150,150,150,150,150,150
1.245,0,0,0,0,0,0,9,38,49,69,85,120,150,150,150,150,150,150,150,150,150,150,150,150,150,150,150,150,150,150
1.26,0,0,0,0,0,0,9,39,49,70,85,120,150,150,150,150,150,150,150,150,150,150,150,150,150,150,150,150,150,150
1.275,0,0,0,0,0,0,17,52,78,89,90,121,98,98,102,104,88,86,84,74,78,73,58,44,47,43,38,34,30,31
1.29,0,0,0,0,0,0,20,62,84,93,88,118,84,85,79,85,68,57,45,34,44,29,13,2,0,0,0,0,0,0
1.305,0,0,0,0,0,0,21,62,84,92,85,118,84,84,78,85,66,57,45,34,44,29,12,1,0,0,0,0,0,0
1.32,0,0,0,0,0,0,21,62,84,92,85,118,83,84,78,85,65,57,45,34,43,28,11,0,0,0,0,0,0,0
1.335,0,0,0,0,0,0,22,64,83,92,85,118,83,84,78,85,65,57,45,34,43,24,10,0,0,0,0,0,0,0
1.35,0,0,0,0,0,0,23,64,83,89,84,118,82,82,77,85,64,57,45,33,42,24,8,0,0,0,0,0,0,0
1.365,0,0,0,0,0,0,24,67,82,87,83,116,81,79,72,81,61,56,42,32,37,18,1,0,0,0,0,0,0,0
1.38,0,0,0,0,0,0,24,66,81,87,82,113,81,79,72,80,59,55,42,32,35,14,1,0,0,0,0,0,0,0
1.395,0,0,0,0,0,0,25,65,81,87,83,110,81,79,72,80,59,55,40,32,35,13,0,0,0,0,0,0,0,0
1.41,0,0,0,0,0,0,26,65,81,87,83,109,81,78,72,80,58,54,39,31,34,11,0,0,0,0,0,0,0,0
1.425,0,0,0,0,0,0,28,65,80,87,83,109,81,78,72,80,58,54,39,31,34,11,0,0,0,0,0,0,0,0
1.44,0,0,0,0,0,0,28,63,64,68,62,87,81,78,72,79,57,53,39,31,34,10,0,0,0,0,0,0,0,0
1.455,0,0,0,0,0,0,30,64,63,68,59,80,66,65,58,68,44,46,30,28,21,5,0,0,0,0,0,0,0,0
1.47,0,0,0,0,0,0,31,62,63,69,59,79,66,65,57,68,44,46,30,28,21,5,0,0,0,0,0,0,0,0
1.485,0,0,0,0,0,0,31,61,62,69,59,79,66,65,57,67,44,45,30,27,21,4,0,0,0,0,0,0,0,0
1.5,0,0,0,0,0,0,31,61,61,70,59,78,66,63,57,67,44,44,30,27,21,3,0,0,0,0,0,0,0,0
