radius,10,20,30,40,50,60,70,80,90,100,110,120,130,140,150,160,170,180,190,200,210,220,230,240,250,260,270,280,290,300
0.0,0,0,0,0,0,0,0,0,0,0,0,0,0,0,0,0,0,0,0,0,0,0,0,0,0,0,0,0,0,0
0.003,0,0,0,0,0,0,0,0,0,0,0,0,0,0,0,0,0,0,0,0,0,0,0,0,0,0,0,0,0,0
0.006,0,0,0,0,0,0,0,0,0,0,0,0,0,0,0,0,0,0,0,0,0,0,0,0,0,0,0,0,0,0
0.009,0,0,0,0,0,0,0,0,0,0,0,0,0,0,0,0,0,0,0,0,0,0,0,0,0,0,0,0,0,0
0.012,0,0,0,0,0,0,0,0,0,0,0,0,0,0,0,0,0,0,0,0,0,0,0,0,0,0,0,0,0,0
0.015,0,0,0,0,0,0,0,0,0,0,0,0,0,0,0,0,0,0,0,0,0,0,0,0,0,0,0,0,0,0
0.018,0,0,0,0,0,0,0,12,21,20,31,40,41,55,62,68,83,84,84,93,97,98,112,104,120,119,133,132,133,140
0.021,0,0,0,0,0,0,0,24,58,53,63,83,88,96,103,99,121,116,115,129,133,135,141,138,141,143,144,146,147,149
0.024,0,0,0,0,0,0,0,31,79,72,81,94,96,105,113,106,128,122,123,140,138,140,143,139,141,144,145,148,149,150
0.027,0,0,0,0,0,0,0,44,102,90,90,104,106,113,121,118,140,135,135,145,145,145,147,142,148,148,150,150,150,150
0.03,0,0,0,0,0,0,0,46,103,90,90,104,106,113,122,118,140,135,135,145,145,145,147,143,149,148,150,150,150,150
0.033,0,0,0,0,0,0,0,47,104,90,90,104,106,113,122,118,140,135,135,145,145,145,147,143,149,148,150,150,150,150
0.036,0,0,0,0,0,0,0,51,104,90,90,104,106,113,122,118,140,135,135,145,145,146,148,143,149,150,150,150,150,150
0.039,0,0,0,0,0,0,0,53,104,90,90,104,106,113,122,118,140,135,136,146,145,147,149,150,150,150,150,150,150,150
0.042,0,0,0,0,0,0,0,55,104,90,90,104,106,113,122,118,140,135,137,147,147,150,150,150,150,150,150,150,150,150
0.045,0,0,0,0,0,0,0,62,104,90,90,104,106,113,122,118,140,135,137,147,147,150,150,150,150,150,150,150,150,150
0.048,0,0,0,0,0,0,0,70,104,90,90,104,106,113,122,118,140,135,138,147,150,150,150,150,150,150,150,150,150,150
0.051,0,0,0,0,0,0,0,83,104,90,90,104,106,113,122,118,140,135,138,147,150,150,150,150,150,150,150,150,150,150
0.054,0,0,0,0,0,0,0,91,104,90,90,105,115,115,126,124,142,139,138,148,150,150,150,150,150,150,150,150,150,150
0.057,0,0,0,0,0,0,0,95,104,90,90,108,120,125,140,137,149,148,150,150,150,150,150,150,150,150,150,150,150,150
0.06,0,0,0,0,0,0,0,95,104,90,90,109,124,131,143,139,149,149,150,150,150,150,150,150,150,150,150,150,150,150
0.063,0,0,0,0,0,0,0,95,104,90,90,115,133,137,150,146,150,150,150,150,150,150,150,150,150,150,150,150,150,150
0.066,0,0,0,0,0,0,0,95,104,90,90,115,134,137,150,146,150,150,150,150,150,150,150,150,150,150,150,150,150,150
0.069,0,0,11,28,43,61,74,150,150,150,150,150,150,150,150,150,150,150,150,150,150,150,150,150,150,150,150,150,150,150
0.072,0,0,32,62,75,103,118,150,150,150,150,150,150,150,150,150,150,150,150,150,150,150,150,150,150,150,150,150,150,150
0.075,0,0,33,64,75,103,118,150,150,150,150,150,150,150,150,150,150,150,150,150,150,150,150,150,150,150,150,150,150,150
0.078,0,0,34,64,77,106,122,150,150,150,150,150,150,150,150,150,150,150,150,150,150,150,150,150,150,150,150,150,150,150
0.081,0,0,35,69,79,108,125,150,150,150,150,150,150,150,150,150,150,150,150,150,150,150,150,150,150,150,150,150,150,150
0.084,0,0,36,71,83,111,126,150,150,150,150,150,150,150,150,150,150,150,150,150,150,150,150,150,150,150,150,150,150,150
0.087,0,0,39,73,86,111,127,150,150,150,150,150,150,150,150,150,150,150,150,150,150,150,150,150,150,150,150,150,150,150
0.09,0,0,40,73,86,115,129,150,150,150,150,150,150,150,150,150,150,150,150,150,150,150,150,150,150,150,150,150,150,150
0.093,0,0,40,74,87,116,130,150,150,150,150,150,150,150,150,150,150,150,150,150,150,150,150,150,150,150,150,150,150,150
0.096,0,0,40,75,89,116,131,150,150,150,150,150,150,150,150,150,150,150,150,150,150,150,150,150,150,150,150,150,150,150
0.099,0,0,40,76,89,117,132,150,150,150,150,150,150,150,150,150,150,150,150,150,150,150,150,150,150,150,150,150,150,150
0.102,0,0,40,76,93,117,132,150,150,150,150,150,150,150,150,150,150,150,150,150,150,150,150,150,150,150,150,150,150,150
0.105,0,0,40,78,93,117,132,150,150,150,150,150,150,150,150,150,150,150,150,150,150,150,150,150,150,150,150,150,150,150
0.108,0,0,41,80,93,117,132,150,150,150,150,150,150,150,150,150,150,150,150,150,150,150,150,150,150,150,150,150,150,150
0.111,0,0,41,80,94,117,132,150,150,150,150,150,150,150,150,150,150,150,150,150,150,150,150,150,150,150,150,150,150,150
0.114,0,0,42,80,94,117,132,150,150,150,150,150,150,150,150,150,150,150,150,150,150,150,150,150,150,150,150,150,150,150
0.117,0,0,43,80,94,117,132,150,150,150,150,150,150,150,150,150,150,150,150,150,150,150,150,150,150,150,150,150,150,150
0.12,0,0,44,80,94,117,132,150,150,150,150,150,150,150,150,150,150,150,150,150,150,150,150,150,150,150,150,150,150,150
0.123,0,0,45,81,94,117,132,150,150,150,150,150,150,150,150,150,150,150,150,150,150,150,150,150,150,150,150,150,150,150
0.126,0,0,45,81,95,117,132,150,150,150,150,150,150,150,150,150,150,150,150,150,150,150,150,150,150,150,150,150,150,150
0.129,0,0,45,81,95,117,132,150,150,150,150,150,150,150,150,150,150,150,150,150,150,150,150,150,150,150,150,150,150,150
0.132,0,0,46,83,95,117,132,150,150,150,150,150,150,150,150,150,150,150,150,150,150,150,150,150,150,150,150,150,150,150
0.135,0,0,46,83,95,117,132,150,150,150,150,150,150,150,150,150,150,150,150,150,150,150,150,150,150,150,150,150,150,150
0.138,0,0,46,83,95,117,132,150,150,150,150,150,150,150,150,150,150,150,150,150,150,150,150,150,150,150,150,150,150,150
0.141,0,0,46,83,95,117,132,150,150,150,150,150,150,150,150,150,150,150,150,150,150,150,150,150,150,150,150,150,150,150
0.144,0,0,47,83,95,117,132,150,150,150,150,150,150,150,150,150,150,150,150,150,150,150,150,150,150,150,150,150,150,150
0.147,0,0,47,83,95,117,132,150,150,150,150,150,150,150,150,150,150,150,150,150,150,150,150,150,150,150,150,150,150,150
0.15,0,0,49,83,95,117,132,150,150,150,150,150,150,150,150,150,150,150,150,150,150,150,150,150,150,150,150,150,150,150
0.153,0,0,50,86,95,117,132,150,150,150,150,150,150,150,150,150,150,150,150,150,150,150,150,150,150,150,150,150,150,150
0.156,0,0,50,87,95,117,132,150,150,150,150,150,150,150,150,150,150,150,150,150,150,150,150,150,150,150,150,150,150,150
0.159,0,0,50,87,95,117,132,150,150,150,150,150,150,150,150,150,150,150,150,150,150,150,150,150,150,150,150,150,150,150
0.162,0,0,50,87,95,117,132,150,150,150,150,150,150,150,150,150,150,150,150,150,150,150,150,150,150,150,150,150,150,150
0.165,0,0,50,87,95,117,132,150,150,150,150,150,150,150,150,150,150,150,150,150,150,150,150,150,150,150,150,150,150,150
0.168,0,0,50,87,95,117,132,150,150,150,150,150,150,150,150,150,150,150,150,150,150,150,150,150,150,150,150,150,150,150
0.171,0,0,50,88,95,117,132,150,150,150,150,150,150,150,150,150,150,150,150,150,150,150,150,150,150,150,150,150,150,150
0.174,0,0,50,88,95,117,132,150,150,150,150,150,150,150,150,150,150,150,150,150,150,150,150,150,150,150,150,150,150,150
0.177,0,0,50,88,95,117,132,150,150,150,150,150,150,150,150,150,150,150,150,150,150,150,150,150,150,150,150,150,150,150
0.18,0,0,50,88,95,117,132,150,150,150,150,150,150,150,150,150,150,150,150,150,150,150,150,150,150,150,150,150,150,150
0.183,0,0,50,88,95,117,132,150,150,150,150,150,150,150,150,150,150,150,150,150,150,150,150,150,150,150,150,150,150,150
0.186,0,0,50,88,95,117,132,150,150,150,150,150,150,150,150,150,150,150,150,150,150,150,150,150,150,150,150,150,150,150
0.189,0,0,50,88,95,117,132,150,150,150,150,150,150,150,150,150,150,150,150,150,150,150,150,150,150,150,150,150,150,150
0.192,0,0,50,89,95,117,132,150,150,150,150,150,150,150,150,150,150,150,150,150,150,150,150,150,150,150,150,150,150,150
0.195,0,0,64,102,103,126,141,150,150,150,150,150,150,150,150,150,150,150,150,150,150,150,150,150,150,150,150,150,150,150
0.198,0,0,69,109,103,126,141,150,150,150,150,150,150,150,150,150,150,150,150,150,150,150,150,150,150,150,150,150,150,150
0.201,0,1,70,110,103,127,141,150,150,150,150,150,150,150,150,150,150,150,150,150,150,150,150,150,150,150,150,150,150,150
0.204,0,1,71,110,103,127,141,150,150,150,150,150,150,150,150,150,150,150,150,150,150,150,150,150,150,150,150,150,150,150
0.207,0,1,71,110,103,127,141,150,150,150,150,150,150,150,150,150,150,150,150,150,150,150,150,150,150,150,150,150,150,150
0.21,0,1,71,110,103,127,141,150,150,150,150,150,150,150,150,150,150,150,150,150,150,150,150,150,150,150,150,150,150,150
0.213,0,1,71,110,103,127,141,150,150,150,150,150,150,150,150,150,150,150,150,150,150,150,150,150,150,150,150,150,150,150
0.216,0,1,71,110,103,127,141,150,150,150,150,150,150,150,150,150,150,150,150,150,150,150,150,150,150,150,150,150,150,150
0.219,0,2,72,110,103,127,141,150,150,150,150,150,150,150,150,150,150,150,150,150,150,150,150,150,150,150,150,150,150,150
0.222,0,2,72,110,103,127,141,150,150,150,150,150,150,150,150,150,150,150,150,150,150,150,150,150,150,150,150,150,150,150
0.225,0,3,72,110,103,127,141,150,150,150,150,150,150,150,150,150,150,150,150,150,150,150,150,150,150,150,150,150,150,150
0.228,0,3,73,110,103,127,141,150,150,150,150,150,150,150,150,150,150,150,150,150,150,150,150,150,150,150,150,150,150,150
0.231,0,3,73,110,103,127,141,150,150,150,150,150,150,150,150,150,150,150,150,150,150,150,150,150,150,150,150,150,150,150
0.234,0,4,74,110,103,127,141,150,150,150,150,150,150,150,150,150,150,150,150,150,150,150,150,150,150,150,150,150,150,150
0.237,0,4,74,110,103,127,141,150,150,150,150,150,150,150,150,150,150,150,150,150,150,150,150,150,150,150,150,150,150,150
0.24,0,4,74,110,103,127,141,150,150,150,150,150,150,150,150,150,150,150,150,150,150,150,150,150,150,150,150,150,150,150
0.243,0,4,74,110,103,127,141,150,150,150,150,150,150,150,150,150,150,150,150,150,150,150,150,150,150,150,150,150,150,150
0.246,0,4,74,110,103,127,141,150,150,150,150,150,150,150,150,150,150,150,150,150,150,150,150,150,150,150,150,150,150,150
0.249,0,5,74,110,103,127,141,150,150,150,150,150,150,150,150,150,150,150,150,150,150,150,150,150,150,150,150,150,150,150
0.252,0,5,74,110,104,127,141,150,150,150,150,150,150,150,150,150,150,150,150,150,150,150,150,150,150,150,150,150,150,150
0.255,0,6,74,110,104,128,141,150,150,150,150,150,150,150,150,150,150,150,150,150,150,150,150,150,150,150,150,150,150,150
0.258,0,6,75,110,104,128,141,150,150,150,150,150,150,150,150,150,150,150,150,150,150,150,150,150,150,150,150,150,150,150
0.261,0,6,75,110,104,128,141,150,150,150,150,150,150,150,150,150,150,150,150,150,150,150,150,150,150,150,150,150,150,150
0.264,0,7,75,110,104,128,141,150,150,150,150,150,150,150,150,150,150,150,150,150,150,150,150,150,150,150,150,150,150,150
0.267,0,7,75,110,104,128,141,150,150,150,150,150,150,150,150,150,150,150,150,150,150,150,150,150,150,150,150,150,150,150
0.27,0,8,75,110,104,128,141,150,150,150,150,150,150,150,150,150,150,150,150,150,150,150,150,150,150,150,150,150,150,150
0.273,0,8,75,110,104,128,141,150,150,150,150,150,150,150,150,150,150,150,150,150,150,150,150,150,150,150,150,150,150,150
0.276,0,8,75,110,104,128,141,150,150,150,150,150,150,150,150,150,150,150,150,150,150,150,150,150,150,150,150,150,150,150
0.279,0,10,75,110,104,128,141,150,150,150,150,150,150,150,150,150,150,150,150,150,150,150,150,150,150,150,150,150,150,150
0.282,0,10,75,110,104,128,141,150,150,150,150,150,150,150,150,150,150,150,150,150,150,150,150,150,150,150,150,150,150,150
0.285,0,10,75,110,104,128,141,150,150,150,150,150,150,150,150,150,150,150,150,150,150,150,150,150,150,150,150,150,150,150
0.288,0,10,75,110,104,128,141,150,150,150,150,150,150,150,150,150,150,150,150,150,150,150,150,150,150,150,150,150,150,150
0.291,0,10,75,110,104,128,141,150,150,150,150,150,150,150,150,150,150,150,150,150,150,150,150,150,150,150,150,150,150,150
0.294,0,10,75,110,104,128,141,150,150,150,150,150,150,150,150,150,150,150,150,150,150,150,150,150,150,150,150,150,150,150
0.297,0,10,75,110,104,128,141,150,150,150,150,150,150,150,150,150,150,150,150,150,150,150,150,150,150,150,150,150,150,150
0.3,0,10,75,110,104,128,141,150,150,150,150,150,150,150,150,150,150,150,150,150,150,150,150,150,150,150,150,150,150,150
