radius,20,30,40,50,60,70,80,90,100,110,120,130,140,150,160,170,180,190,200,210,220,230,240,250,260,270,280,290,300
0.0,100,100,100,100,100,100,100,100,100,100,100,100,100,100,100,100,100,100,100,100,100,100,100,100,100,100,100,100,100
1.25e-5,100,100,100,100,100,100,100,100,100,100,100,100,100,100,100,100,100,100,96,95,96,89,87,96,94,92,95,92,96
2.5e-5,100,100,100,100,100,100,100,100,100,100,100,100,100,100,100,100,100,100,83,82,82,72,73,80,73,67,77,70,64
3.75e-5,100,100,100,100,100,100,100,100,100,100,100,100,100,100,100,100,100,100,77,80,78,69,70,77,73,63,72,68,63
5.0e-5,100,100,100,100,100,100,100,100,100,100,100,100,100,100,100,100,100,100,74,76,70,63,62,66,58,49,61,45,42
6.25e-5,100,100,100,100,100,100,100,100,100,100,100,100,100,100,100,100,100,100,72,72,61,58,52,46,50,39,49,36,36
7.5e-5,100,100,100,100,100,100,100,100,100,100,100,100,100,100,100,100,100,100,66,67,60,57,50,45,50,37,47,35,35
8.75e-5,100,100,100,100,100,100,100,100,100,100,100,100,100,100,100,100,100,100,65,67,56,57,48,45,50,36,47,35,35
0.0001,100,100,100,100,100,100,100,100,100,100,100,100,100,100,100,100,100,100,61,61,48,45,40,34,31,20,33,16,16
0.0001125,100,100,100,100,100,100,100,100,100,100,100,100,100,100,100,100,100,100,58,53,42,40,34,26,22,16,24,5,6
0.000125,100,100,100,100,100,100,100,100,100,100,100,100,100,100,100,100,100,100,50,48,39,39,31,22,22,14,24,5,4
0.0001375,100,100,100,100,100,100,100,100,100,100,100,100,100,100,100,100,100,100,43,42,32,37,29,19,22,13,21,5,4
0.00015,100,100,100,100,100,100,100,100,100,100,100,100,100,100,100,100,100,100,37,38,32,35,27,19,21,13,16,5,4
0.0001625,100,100,100,100,100,100,100,100,100,100,100,100,100,100,100,100,100,100,35,37,30,33,27,19,20,13,15,5,4
0.000175,100,100,100,100,100,100,100,100,100,100,100,100,100,100,100,100,100,100,34,36,30,33,26,19,20,11,15,5,4
0.0001875,100,100,100,100,100,100,100,100,100,100,100,100,100,100,100,100,100,100,34,36,29,32,24,18,17,11,15,5,4
0.0002,100,100,100,100,100,100,100,100,100,100,100,100,100,100,100,100,100,100,32,33,27,30,22,14,14,8,10,4,2
0.0002125,100,100,100,100,100,100,100,100,100,100,100,100,100,100,100,100,100,100,30,32,27,28,22,14,10,5,9,3,1
0.000225,100,100,100,100,100,100,100,100,100,100,100,100,100,100,100,100,100,100,28,31,25,27,20,13,9,5,7,2,1
0.0002375,100,100,100,100,100,100,100,100,100,100,100,100,100,100,100,100,100,100,27,30,23,26,19,12,7,5,6,1,0
0.00025,100,100,100,100,100,100,100,100,100,100,100,100,100,100,100,100,100,100,27,29,21,23,18,11,7,5,6,1,0
0.0002625,100,100,100,100,100,100,100,100,100,100,100,100,100,100,100,100,100,100,26,29,19,20,15,10,7,5,6,1,0
0.000275,100,100,100,100,100,100,100,100,100,100,100,100,100,100,100,100,100,100,25,26,15,17,15,10,7,4,5,1,0
0.0002875,100,100,100,100,100,100,100,100,100,100,100,100,100,100,100,100,100,100,22,23,13,17,12,10,7,4,5,1,0
0.0003,100,100,100,100,100,100,100,100,100,100,100,100,100,100,100,100,100,100,21,23,13,17,11,10,7,4,5,1,0
0.0003125,100,100,100,100,100,100,100,100,100,100,100,100,100,100,100,100,100,100,21,22,13,17,11,10,7,4,5,1,0
0.000325,100,100,100,100,100,100,100,100,100,100,100,100,100,100,100,100,100,100,21,22,13,17,11,10,7,3,5,1,0
0.0003375,100,100,100,100,100,100,100,100,100,100,100,100,100,100,100,100,100,100,20,21,12,17,11,10,7,3,5,1,0
0.00035,100,100,100,100,100,100,100,100,100,100,100,100,100,100,100,100,100,100,19,21,12,17,11,10,7,3,5,1,0
0.0003625,100,100,100,100,100,100,100,100,100,100,100,100,100,100,100,100,100,100,18,21,12,17,10,10,7,3,5,1,0
0.000375,100,100,100,100,100,100,100,100,100,100,100,100,100,100,100,100,100,100,17,20,12,17,9,10,7,3,5,1,0
0.0003875,100,100,100,100,100,100,100,100,100,100,100,100,100,100,100,100,100,100,17,20,12,17,9,10,7,3,5,1,0
0.0004,100,100,100,100,100,100,100,100,100,100,100,100,100,100,100,100,100,100,17,19,12,17,9,9,7,2,4,0,0
0.0004125,100,100,100,100,100,100,100,100,100,100,100,100,100,100,100,100,100,100,17,19,12,17,8,9,6,1,4,0,0
0.000425,100,100,100,100,100,100,100,100,100,100,100,100,100,100,100,100,100,100,17,19,12,17,8,9,5,1,4,0,0
0.0004375,100,100,100,100,100,100,100,100,100,100,100,100,100,100,100,100,100,100,17,19,12,16,8,9,5,1,4,0,0
0.00045,100,100,100,100,100,100,100,100,100,100,100,100,100,100,100,100,100,100,17,19,12,16,8,9,4,1,4,0,0
0.0004625,100,100,100,100,100,100,100,100,100,100,100,100,100,100,100,100,100,100,17,19,12,14,8,9,4,1,4,0,0
0.000475,100,100,100,100,100,100,100,100,100,100,100,100,100,100,100,100,100,100,17,19,12,13,8,9,4,1,4,0,0
0.0004875,100,100,100,100,100,100,100,100,100,100,100,100,100,100,100,100,100,100,16,18,12,11,8,9,4,1,3,0,0
0.0005,100,100,100,100,100,100,100,100,100,100,100,100,100,100,100,100,100,100,16,18,10,10,7,8,3,1,2,0,0
0.0005125,100,100,100,100,100,100,100,100,100,100,100,100,100,100,100,100,100,100,15,17,10,9,7,6,3,1,2,0,0
0.000525,100,100,100,100,100,100,100,100,100,100,100,100,100,100,100,100,100,100,15,17,10,7,6,6,3,1,1,0,0
0.0005375,100,100,100,100,100,100,100,100,100,100,100,100,100,100,100,100,100,100,14,15,9,7,5,6,3,1,1,0,0
0.00055,100,100,100,100,100,100,100,100,100,100,100,100,100,100,100,100,100,100,14,13,8,7,5,6,2,1,1,0,0
0.0005625,100,100,100,100,100,100,100,100,100,100,100,100,100,100,100,100,100,100,14,11,5,5,5,6,2,1,1,0,0
0.000575,100,100,100,100,100,100,100,100,100,100,100,100,100,100,100,100,100,100,13,9,5,5,5,6,2,1,0,0,0
0.0005875,100,100,100,100,100,100,100,100,100,100,100,100,100,100,100,100,100,100,11,6,5,5,5,6,2,1,0,0,0
0.0006,100,100,100,100,100,100,100,100,100,100,100,100,100,100,100,100,100,100,9,5,5,5,5,6,2,1,0,0,0
0.0006125,100,100,100,100,100,100,100,100,100,100,100,100,100,100,100,100,100,100,9,5,5,4,5,6,2,0,0,0,0
0.000625,100,100,100,100,100,100,100,100,100,100,100,100,100,100,100,100,100,100,9,5,5,4,5,6,2,0,0,0,0
0.0006375,100,100,100,100,100,100,100,100,100,100,100,100,100,100,100,100,100,100,9,5,5,4,5,6,2,0,0,0,0
0.00065,100,100,100,100,100,100,100,100,100,100,100,100,100,100,100,100,100,100,9,5,5,4,5,6,2,0,0,0,0
0.0006625,100,100,100,100,100,100,100,100,100,100,100,100,100,100,100,100,100,100,9,5,4,4,5,5,2,0,0,0,0
0.000675,100,100,100,100,100,100,100,100,100,100,100,100,100,100,100,100,100,100,9,5,4,4,5,5,2,0,0,0,0
0.0006875,100,100,100,100,100,100,100,100,100,100,100,100,100,100,100,100,100,100,9,5,4,4,4,4,2,0,0,0,0
0.0007,100,100,100,100,100,100,100,100,100,100,100,100,100,100,100,100,100,100,9,5,4,4,4,4,2,0,0,0,0
0.0007125,100,100,100,100,100,100,100,100,100,100,100,100,100,100,100,100,100,100,9,5,3,4,4,4,2,0,0,0,0
0.000725,100,100,100,100,100,100,100,100,100,100,100,100,100,100,100,100,100,100,9,5,3,4,4,4,2,0,0,0,0
0.0007375,100,100,100,100,100,100,100,100,100,100,100,100,100,100,100,100,100,100,9,5,3,4,4,4,2,0,0,0,0
0.00075,100,100,100,100,100,100,100,100,100,100,100,100,100,100,100,100,100,100,9,5,3,4,4,4,2,0,0,0,0
0.0007625,100,100,100,100,100,100,100,100,100,100,100,100,100,100,100,100,100,100,9,5,3,4,4,4,2,0,0,0,0
0.000775,100,100,100,100,100,100,100,100,100,100,100,100,100,100,100,100,100,100,9,5,3,4,4,4,2,0,0,0,0
0.0007875,100,100,100,100,100,100,100,100,100,100,100,100,100,100,100,100,100,100,9,5,3,3,4,4,2,0,0,0,0
0.0008,100,100,100,100,100,100,100,100,100,100,100,100,100,100,100,100,100,100,9,5,3,3,4,4,2,0,0,0,0
0.0008125,100,100,100,100,100,100,100,100,100,100,100,100,100,100,100,100,100,100,9,5,3,3,4,4,1,0,0,0,0
0.000825,100,100,100,100,100,100,100,100,100,100,100,100,100,100,100,100,100,100,9,5,3,3,4,4,1,0,0,0,0
0.0008375,100,100,100,100,100,100,100,100,100,100,100,100,100,100,100,100,100,100,8,5,3,2,4,4,1,0,0,0,0
0.00085,100,100,100,100,100,100,100,100,100,100,100,100,100,100,100,100,100,100,7,5,3,2,4,4,1,0,0,0,0
0.0008625,100,100,100,100,100,100,100,100,100,100,100,100,100,100,100,100,100,100,7,5,3,2,4,4,1,0,0,0,0
0.000875,100,100,100,100,100,100,100,100,100,100,100,100,100,100,100,100,100,100,6,5,3,2,4,2,1,0,0,0,0
0.0008875,100,100,100,100,100,100,100,100,100,100,100,100,100,100,100,100,100,100,6,5,3,2,4,2,1,0,0,0,0
0.0009,100,100,100,100,100,100,100,100,100,100,100,100,100,100,100,100,100,100,6,5,3,2,4,2,1,0,0,0,0
0.0009125,100,100,100,100,100,100,100,100,100,100,100,100,100,100,100,100,100,100,6,5,3,2,4,2,1,0,0,0,0
0.000925,100,100,100,100,100,100,100,100,100,100,100,100,100,100,100,100,100,100,5,5,2,2,4,2,1,0,0,0,0
0.0009375,100,100,100,100,100,100,100,100,100,100,100,100,100,100,100,100,100,100,5,5,2,2,4,2,1,0,0,0,0
0.00095,100,100,100,100,100,100,100,100,100,100,100,100,100,100,100,100,100,100,5,5,2,2,4,2,1,0,0,0,0
0.0009625,100,100,100,100,100,100,100,100,100,100,100,100,100,100,100,100,100,100,5,5,2,2,4,2,1,0,0,0,0
0.000975,100,100,100,100,100,100,100,100,100,100,100,100,100,100,100,100,100,100,5,5,2,2,4,2,1,0,0,0,0
0.0009875,100,100,100,100,100,100,100,100,100,100,100,100,100,100,100,100,100,100,5,5,2,2,4,2,1,0,0,0,0
0.001,100,100,100,100,100,100,100,100,100,100,100,100,100,100,100,100,100,100,5,5,2,2,4,1,1,0,0,0,0
0.0010125,100,100,100,100,100,100,100,100,100,100,100,100,100,100,100,100,100,100,5,5,1,2,4,1,0,0,0,0,0
0.001025,100,100,100,100,100,100,100,100,100,100,100,100,100,100,100,100,100,100,4,5,1,2,4,1,0,0,0,0,0
0.0010375,100,100,100,100,100,100,100,100,100,100,100,100,100,100,100,100,100,100,4,5,1,2,4,1,0,0,0,0,0
0.00105,100,100,100,100,100,100,100,100,100,100,100,100,100,100,100,100,100,100,4,5,1,2,3,1,0,0,0,0,0
0.0010625,100,100,100,100,100,100,100,100,100,100,100,100,100,100,100,100,100,100,4,5,1,1,3,1,0,0,0,0,0
0.001075,100,100,100,100,100,100,100,100,100,100,100,100,100,100,100,100,100,100,4,5,1,1,2,0,0,0,0,0,0
0.0010875,100,100,100,100,100,100,100,100,100,100,100,100,100,100,100,100,100,100,4,5,1,1,2,0,0,0,0,0,0
0.0011,100,100,100,100,100,100,100,100,100,100,100,100,100,100,100,100,100,100,4,5,1,1,1,0,0,0,0,0,0
0.0011125,100,100,100,100,100,100,100,100,100,100,100,100,100,100,100,100,100,100,4,5,1,1,1,0,0,0,0,0,0
0.001125,100,100,100,100,100,100,100,100,100,100,100,100,100,100,100,100,100,100,3,5,1,1,0,0,0,0,0,0,0
0.0011375,100,100,100,100,100,100,100,100,100,100,100,100,100,100,100,100,100,100,3,3,1,1,0,0,0,0,0,0,0
0.00115,100,100,100,100,100,100,100,100,100,100,100,100,100,100,100,100,100,100,3,3,1,1,0,0,0,0,0,0,0
0.0011625,100,100,100,100,100,100,100,100,100,100,100,100,100,100,100,100,100,100,3,2,1,0,0,0,0,0,0,0,0
0.001175,100,100,100,100,100,100,100,100,100,100,100,100,100,100,100,100,100,100,3,1,0,0,0,0,0,0,0,0,0
0.0011875,100,100,100,100,100,100,100,100,100,100,100,100,100,100,100,100,100,100,3,1,0,0,0,0,0,0,0,0,0
0.0012,100,100,100,100,100,100,100,100,100,100,100,100,100,100,100,100,100,100,2,1,0,0,0,0,0,0,0,0,0
0.0012125,100,100,100,100,100,100,100,100,100,100,100,100,100,100,100,100,100,100,0,0,0,0,0,0,0,0,0,0,0
0.001225,100,100,100,100,100,100,100,100,100,100,100,100,100,100,100,100,100,100,0,0,0,0,0,0,0,0,0,0,0
0.0012375,100,100,100,100,100,100,100,100,100,100,100,100,100,100,100,100,100,100,0,0,0,0,0,0,0,0,0,0,0
0.00125,100,100,100,100,100,100,100,100,100,100,100,100,100,100,100,100,100,100,0,0,0,0,0,0,0,0,0,0,0
0.0012625,100,100,100,100,100,100,100,100,100,100,100,100,100,100,100,100,100,100,0,0,0,0,0,0,0,0,0,0,0
0.001275,100,100,100,100,100,100,100,100,100,100,100,100,100,100,100,100,100,100,0,0,0,0,0,0,0,0,0,0,0
0.0012875,100,100,100,100,100,100,100,100,100,100,100,100,100,100,100,100,100,100,0,0,0,0,0,0,0,0,0,0,0
0.0013,100,100,100,100,100,100,100,100,100,100,100,100,100,100,100,100,100,100,0,0,0,0,0,0,0,0,0,0,0
0.0013125,100,100,100,100,100,100,100,100,100,100,100,100,100,100,100,100,100,100,0,0,0,0,0,0,0,0,0,0,0
0.001325,100,100,100,100,100,100,100,100,100,100,100,100,100,100,100,100,100,100,0,0,0,0,0,0,0,0,0,0,0
0.0013375,100,100,100,100,100,100,100,100,100,100,100,100,100,100,100,100,100,100,0,0,0,0,0,0,0,0,0,0,0
0.00135,100,100,100,100,100,100,100,100,100,100,100,100,100,100,100,100,100,100,0,0,0,0,0,0,0,0,0,0,0
0.0013625,100,100,100,100,100,100,100,100,100,100,100,100,100,100,100,100,100,100,0,0,0,0,0,0,0,0,0,0,0
0.001375,100,100,100,100,100,100,100,100,100,100,100,100,100,100,100,100,100,100,0,0,0,0,0,0,0,0,0,0,0
0.0013875,100,100,100,100,100,100,100,100,100,100,100,100,100,100,100,100,100,100,0,0,0,0,0,0,0,0,0,0,0
0.0014,100,100,100,100,100,100,100,100,100,100,100,100,100,100,100,100,100,100,0,0,0,0,0,0,0,0,0,0,0
0.0014125,100,100,100,100,100,100,100,100,100,100,100,100,100,100,100,100,100,100,0,0,0,0,0,0,0,0,0,0,0
0.001425,100,100,100,100,100,100,100,100,100,100,100,100,100,100,100,100,100,100,0,0,0,0,0,0,0,0,0,0,0
0.0014375,100,100,100,100,100,100,100,100,100,100,100,100,100,100,100,100,100,100,0,0,0,0,0,0,0,0,0,0,0
0.00145,100,100,100,100,100,100,100,100,100,100,100,100,100,100,100,100,100,100,0,0,0,0,0,0,0,0,0,0,0
0.0014625,100,100,100,100,100,100,100,100,100,100,100,100,100,100,100,100,100,100,0,0,0,0,0,0,0,0,0,0,0
0.001475,100,100,100,100,100,100,100,100,100,100,100,100,100,100,100,100,100,100,0,0,0,0,0,0,0,0,0,0,0
0.0014875,100,100,100,100,100,100,100,100,100,100,100,100,100,100,100,100,100,100,0,0,0,0,0,0,0,0,0,0,0
0.0015,100,100,100,100,100,100,100,100,100,100,100,100,100,100,100,100,100,100,0,0,0,0,0,0,0,0,0,0,0
0.0015125,100,100,100,100,100,100,100,100,100,100,100,100,100,100,100,100,100,100,0,0,0,0,0,0,0,0,0,0,0
0.001525,100,100,100,100,100,100,100,100,100,100,100,100,100,100,100,100,100,100,0,0,0,0,0,0,0,0,0,0,0
0.0015375,100,100,100,100,100,100,100,100,100,100,100,100,100,100,100,100,100,100,0,0,0,0,0,0,0,0,0,0,0
0.00155,100,100,100,100,100,100,100,100,100,100,100,100,100,100,100,100,100,100,0,0,0,0,0,0,0,0,0,0,0
0.0015625,100,100,100,100,100,100,100,100,100,100,100,100,100,100,100,100,100,100,0,0,0,0,0,0,0,0,0,0,0
0.001575,100,100,100,100,100,100,100,100,100,100,100,100,100,100,100,100,100,100,0,0,0,0,0,0,0,0,0,0,0
0.0015875,100,100,100,100,100,100,100,100,100,100,100,100,100,100,100,100,100,100,0,0,0,0,0,0,0,0,0,0,0
0.0016,100,100,100,100,100,100,100,100,100,100,100,100,100,100,100,100,100,100,0,0,0,0,0,0,0,0,0,0,0
0.0016125,100,100,100,100,100,100,100,100,100,100,100,100,100,100,100,100,100,100,0,0,0,0,0,0,0,0,0,0,0
0.001625,100,100,100,100,100,100,100,100,100,100,100,100,100,100,100,100,100,100,0,0,0,0,0,0,0,0,0,0,0
0.0016375,100,100,100,100,100,100,100,100,100,100,100,100,100,100,100,100,100,100,0,0,0,0,0,0,0,0,0,0,0
0.00165,100,100,100,100,100,100,100,100,100,100,100,100,100,100,100,100,100,100,0,0,0,0,0,0,0,0,0,0,0
0.0016625,100,100,100,100,100,100,100,100,100,100,100,100,100,100,100,100,100,100,0,0,0,0,0,0,0,0,0,0,0
0.001675,100,100,100,100,100,100,100,100,100,100,100,100,100,100,100,100,100,100,0,0,0,0,0,0,0,0,0,0,0
0.0016875,100,100,100,100,100,100,100,100,100,100,100,100,100,100,100,100,100,100,0,0,0,0,0,0,0,0,0,0,0
0.0017,100,100,100,100,100,100,100,100,100,100,100,100,100,100,100,100,100,100,0,0,0,0,0,0,0,0,0,0,0
0.0017125,100,100,100,100,100,100,100,100,100,100,100,100,100,100,100,100,100,100,0,0,0,0,0,0,0,0,0,0,0
0.001725,100,100,100,100,100,100,100,100,100,100,100,100,100,100,100,100,100,100,0,0,0,0,0,0,0,0,0,0,0
0.0017375,100,100,100,100,100,100,100,100,100,100,100,100,100,100,100,100,100,100,0,0,0,0,0,0,0,0,0,0,0
0.00175,100,100,100,100,100,100,100,100,100,100,100,100,100,100,100,100,100,100,0,0,0,0,0,0,0,0,0,0,0
0.0017625,100,100,100,100,100,100,100,100,100,100,100,100,100,100,100,100,100,100,0,0,0,0,0,0,0,0,0,0,0
0.001775,100,100,100,100,100,100,100,100,100,100,100,100,100,100,100,100,100,100,0,0,0,0,0,0,0,0,0,0,0
0.0017875,100,100,100,100,100,100,100,100,100,100,100,100,100,100,100,100,100,100,0,0,0,0,0,0,0,0,0,0,0
0.0018,100,100,100,100,100,100,100,100,100,100,100,100,100,100,100,100,100,100,0,0,0,0,0,0,0,0,0,0,0
0.0018125,100,100,100,100,100,100,100,100,100,100,100,100,100,100,100,100,100,100,0,0,0,0,0,0,0,0,0,0,0
0.001825,100,100,100,100,100,100,100,100,100,100,100,100,100,100,100,100,100,100,0,0,0,0,0,0,0,0,0,0,0
0.0018375,100,100,100,100,100,100,100,100,100,100,100,100,100,100,100,100,100,100,0,0,0,0,0,0,0,0,0,0,0
0.00185,100,100,100,100,100,100,100,100,100,100,100,100,100,100,100,100,100,100,0,0,0,0,0,0,0,0,0,0,0
0.0018625,100,100,100,100,100,100,100,100,100,100,100,100,100,100,100,100,100,100,0,0,0,0,0,0,0,0,0,0,0
0.001875,100,100,100,100,100,100,100,100,100,100,100,100,100,100,100,100,100,100,0,0,0,0,0,0,0,0,0,0,0
0.0018875,100,100,100,100,100,100,100,100,100,100,100,100,100,100,100,100,100,100,0,0,0,0,0,0,0,0,0,0,0
0.0019,100,100,100,100,100,100,100,100,100,100,100,100,100,100,100,100,100,100,0,0,0,0,0,0,0,0,0,0,0
0.0019125,100,100,100,100,100,100,100,100,100,100,100,100,100,100,100,100,100,100,0,0,0,0,0,0,0,0,0,0,0
0.001925,100,100,100,100,100,100,100,100,100,100,100,100,100,100,100,100,100,100,0,0,0,0,0,0,0,0,0,0,0
0.0019375,100,100,100,100,100,100,100,100,100,100,100,100,100,100,100,100,100,100,0,0,0,0,0,0,0,0,0,0,0
0.00195,100,100,100,100,100,100,100,100,100,100,100,100,100,100,100,100,100,100,0,0,0,0,0,0,0,0,0,0,0
0.0019625,100,100,100,100,100,100,100,100,100,100,100,100,100,100,100,100,100,100,0,0,0,0,0,0,0,0,0,0,0
0.001975,100,100,100,100,100,100,100,100,100,100,100,100,100,100,100,100,100,100,0,0,0,0,0,0,0,0,0,0,0
0.0019875,100,100,100,100,100,100,100,100,100,100,100,100,100,100,100,100,100,100,0,0,0,0,0,0,0,0,0,0,0
0.002,100,100,100,100,100,100,100,100,100,100,100,100,100,100,100,100,100,100,0,0,0,0,0,0,0,0,0,0,0
