radius,20,30,40,50,60,70,80,90,100,110,120,130,140,150,160,170,180,190,200,210,220,230,240,250,260,270,280,290,300,310,320,330,340,350,360,370,380,390,400,410,420,430,440,450,460,470,480,490,500,510,520,530,540,550,560,570,580,590,600
0.0,200,200,200,200,200,200,200,200,200,200,200,200,200,200,200,200,200,200,200,200,200,200,200,200,200,200,200,200,200,200,200,200,200,200,200,200,200,200,200,200,200,200,200,200,200,200,200,200,200,200,200,200,200,200,200,200,200,200,200
0.005,200,200,200,200,200,200,200,200,200,200,200,200,200,200,200,200,200,200,200,200,200,200,200,200,200,200,200,200,200,200,200,200,200,200,200,200,200,200,200,200,200,200,200,200,200,200,200,200,200,200,200,200,200,200,200,200,200,200,200
0.01,200,200,200,200,200,200,200,200,200,200,200,192,192,190,194,189,187,185,175,183,177,170,175,178,175,172,178,172,178,177,177,178,172,163,175,163,173,161,161,172,148,144,143,146,140,138,133,134,134,122,124,134,115,117,120,113,112,115,114
0.015,200,200,200,200,200,200,200,200,200,200,200,182,175,178,163,162,160,159,142,129,123,125,123,126,114,110,117,112,106,101,104,104,92,76,91,70,72,79,66,83,70,68,64,66,64,68,62,61,63,46,67,50,47,49,44,42,45,34,33
0.02,200,200,200,200,200,200,200,200,200,200,200,169,158,154,142,138,128,122,113,90,85,75,73,85,74,76,76,69,75,67,65,71,70,52,64,46,57,52,46,59,45,46,52,37,42,47,36,33,42,25,29,23,24,19,23,17,16,10,10
0.025,200,200,200,200,200,200,200,200,200,200,200,160,150,146,130,122,123,115,103,86,81,73,71,81,74,76,75,68,73,67,65,71,70,51,64,42,55,52,44,58,42,45,52,37,40,44,34,33,41,24,29,23,23,18,20,15,15,8,8
0.03,200,200,200,200,200,200,200,200,200,200,200,149,138,138,124,116,116,107,97,78,75,70,69,79,74,74,73,68,73,66,65,69,68,48,64,42,54,50,44,55,42,44,49,37,40,42,31,33,39,23,26,22,20,17,17,14,13,7,7
0.035,200,200,200,200,200,200,200,200,200,200,200,140,131,129,114,106,111,104,89,76,74,70,68,79,74,73,73,68,72,66,65,67,67,47,64,41,51,48,36,47,28,35,31,21,18,12,7,6,0,0,0,0,0,0,0,0,0,0,0
0.04,200,200,200,200,200,200,200,200,200,200,200,136,127,127,111,102,108,101,83,75,72,70,68,79,74,72,73,68,72,66,65,67,67,47,62,41,50,45,30,40,23,22,17,7,7,6,4,0,0,0,0,0,0,0,0,0,0,0,0
0.045,200,200,200,200,200,200,200,200,200,200,200,132,115,111,104,101,102,96,82,73,72,70,68,79,73,70,72,68,72,66,65,66,67,47,62,40,42,36,22,25,17,19,13,5,4,3,0,0,0,0,0,0,0,0,0,0,0,0,0
0.05,200,200,200,200,200,200,200,200,200,200,200,124,103,96,85,83,75,68,61,58,53,44,51,46,49,40,37,42,53,37,37,30,32,23,38,24,18,19,15,12,10,10,9,4,2,0,0,0,0,0,0,0,0,0,0,0,0,0,0
0.055,200,200,200,200,200,200,200,200,200,200,200,114,98,92,79,78,73,67,61,58,52,44,51,45,47,40,37,41,51,36,35,29,31,23,37,24,18,19,15,10,8,8,6,4,2,0,0,0,0,0,0,0,0,0,0,0,0,0,0
0.06,200,200,200,200,200,200,200,200,200,200,200,104,89,88,76,78,71,67,61,58,52,43,51,45,47,40,36,40,51,36,35,29,30,23,37,24,18,18,14,10,8,8,5,4,1,0,0,0,0,0,0,0,0,0,0,0,0,0,0
0.065,200,200,200,200,200,200,200,200,200,200,200,92,81,69,63,58,54,51,44,36,27,17,22,20,23,23,14,18,14,15,14,4,8,3,4,0,0,0,0,0,0,0,0,0,0,0,0,0,0,0,0,0,0,0,0,0,0,0,0
0.07,200,200,200,200,200,200,200,200,200,200,200,87,76,68,59,55,52,49,44,36,25,16,21,20,23,21,13,15,14,15,12,3,6,3,1,0,0,0,0,0,0,0,0,0,0,0,0,0,0,0,0,0,0,0,0,0,0,0,0
0.075,200,200,200,200,200,200,200,200,200,200,200,84,72,67,59,53,46,45,44,35,24,16,21,20,22,20,12,14,14,13,12,2,6,2,0,0,0,0,0,0,0,0,0,0,0,0,0,0,0,0,0,0,0,0,0,0,0,0,0
0.08,200,200,200,200,200,200,200,200,200,200,200,78,69,64,52,47,36,35,27,14,10,4,0,0,0,0,0,0,0,0,0,0,0,0,0,0,0,0,0,0,0,0,0,0,0,0,0,0,0,0,0,0,0,0,0,0,0,0,0
0.085,200,200,200,200,200,200,200,200,200,200,199,73,63,56,45,38,28,24,18,11,6,2,0,0,0,0,0,0,0,0,0,0,0,0,0,0,0,0,0,0,0,0,0,0,0,0,0,0,0,0,0,0,0,0,0,0,0,0,0
0.09,200,200,200,200,200,200,200,200,200,200,199,62,61,45,41,26,18,19,16,9,5,0,0,0,0,0,0,0,0,0,0,0,0,0,0,0,0,0,0,0,0,0,0,0,0,0,0,0,0,0,0,0,0,0,0,0,0,0,0
0.095,200,200,200,200,200,200,200,200,200,200,199,57,54,40,39,26,15,17,15,8,4,0,0,0,0,0,0,0,0,0,0,0,0,0,0,0,0,0,0,0,0,0,0,0,0,0,0,0,0,0,0,0,0,0,0,0,0,0,0
0.1,200,200,200,200,200,200,200,200,200,200,197,55,53,37,35,25,15,17,14,7,1,0,0,0,0,0,0,0,0,0,0,0,0,0,0,0,0,0,0,0,0,0,0,0,0,0,0,0,0,0,0,0,0,0,0,0,0,0,0
0.105,200,200,200,200,200,200,200,200,200,200,197,53,50,36,33,23,14,15,10,5,1,0,0,0,0,0,0,0,0,0,0,0,0,0,0,0,0,0,0,0,0,0,0,0,0,0,0,0,0,0,0,0,0,0,0,0,0,0,0
0.11,200,200,200,200,200,200,200,200,200,200,196,49,50,34,32,22,13,13,9,2,0,0,0,0,0,0,0,0,0,0,0,0,0,0,0,0,0,0,0,0,0,0,0,0,0,0,0,0,0,0,0,0,0,0,0,0,0,0,0
0.115,200,200,200,200,200,200,200,200,200,200,194,48,48,31,32,22,11,11,6,2,0,0,0,0,0,0,0,0,0,0,0,0,0,0,0,0,0,0,0,0,0,0,0,0,0,0,0,0,0,0,0,0,0,0,0,0,0,0,0
0.12,200,200,200,200,200,200,200,200,200,200,194,45,48,30,30,21,11,10,5,1,0,0,0,0,0,0,0,0,0,0,0,0,0,0,0,0,0,0,0,0,0,0,0,0,0,0,0,0,0,0,0,0,0,0,0,0,0,0,0
0.125,200,200,200,200,200,200,200,200,200,200,194,43,44,28,27,16,7,8,3,0,0,0,0,0,0,0,0,0,0,0,0,0,0,0,0,0,0,0,0,0,0,0,0,0,0,0,0,0,0,0,0,0,0,0,0,0,0,0,0
0.13,200,200,200,200,200,200,200,200,200,200,194,39,44,28,24,16,7,8,1,0,0,0,0,0,0,0,0,0,0,0,0,0,0,0,0,0,0,0,0,0,0,0,0,0,0,0,0,0,0,0,0,0,0,0,0,0,0,0,0
0.135,200,200,200,200,200,200,200,200,200,200,193,38,44,27,23,15,6,7,1,0,0,0,0,0,0,0,0,0,0,0,0,0,0,0,0,0,0,0,0,0,0,0,0,0,0,0,0,0,0,0,0,0,0,0,0,0,0,0,0
0.14,200,200,200,200,200,200,200,200,200,200,193,38,40,27,23,14,6,6,1,0,0,0,0,0,0,0,0,0,0,0,0,0,0,0,0,0,0,0,0,0,0,0,0,0,0,0,0,0,0,0,0,0,0,0,0,0,0,0,0
0.145,200,200,200,200,200,200,200,200,200,200,193,35,32,22,17,9,5,4,0,0,0,0,0,0,0,0,0,0,0,0,0,0,0,0,0,0,0,0,0,0,0,0,0,0,0,0,0,0,0,0,0,0,0,0,0,0,0,0,0
0.15,200,200,200,200,200,200,200,200,200,200,193,33,27,21,14,9,5,4,0,0,0,0,0,0,0,0,0,0,0,0,0,0,0,0,0,0,0,0,0,0,0,0,0,0,0,0,0,0,0,0,0,0,0,0,0,0,0,0,0
0.155,200,200,200,200,200,200,200,200,200,200,193,31,24,15,11,6,3,3,0,0,0,0,0,0,0,0,0,0,0,0,0,0,0,0,0,0,0,0,0,0,0,0,0,0,0,0,0,0,0,0,0,0,0,0,0,0,0,0,0
0.16,200,200,200,200,200,200,200,200,200,200,193,31,23,14,10,5,3,2,0,0,0,0,0,0,0,0,0,0,0,0,0,0,0,0,0,0,0,0,0,0,0,0,0,0,0,0,0,0,0,0,0,0,0,0,0,0,0,0,0
0.165,200,200,200,200,200,200,200,200,200,200,192,30,20,13,9,5,3,1,0,0,0,0,0,0,0,0,0,0,0,0,0,0,0,0,0,0,0,0,0,0,0,0,0,0,0,0,0,0,0,0,0,0,0,0,0,0,0,0,0
0.17,200,200,200,200,200,200,200,200,200,200,185,30,20,13,9,3,2,1,0,0,0,0,0,0,0,0,0,0,0,0,0,0,0,0,0,0,0,0,0,0,0,0,0,0,0,0,0,0,0,0,0,0,0,0,0,0,0,0,0
0.175,200,200,200,200,200,200,200,200,200,200,182,29,20,11,8,3,2,1,0,0,0,0,0,0,0,0,0,0,0,0,0,0,0,0,0,0,0,0,0,0,0,0,0,0,0,0,0,0,0,0,0,0,0,0,0,0,0,0,0
0.18,200,200,200,200,200,200,200,200,200,200,179,29,20,9,7,3,2,1,0,0,0,0,0,0,0,0,0,0,0,0,0,0,0,0,0,0,0,0,0,0,0,0,0,0,0,0,0,0,0,0,0,0,0,0,0,0,0,0,0
0.185,200,200,200,200,200,200,200,200,200,200,173,29,18,9,5,2,2,1,0,0,0,0,0,0,0,0,0,0,0,0,0,0,0,0,0,0,0,0,0,0,0,0,0,0,0,0,0,0,0,0,0,0,0,0,0,0,0,0,0
0.19,200,200,200,200,200,200,200,200,200,200,169,29,18,9,5,2,2,1,0,0,0,0,0,0,0,0,0,0,0,0,0,0,0,0,0,0,0,0,0,0,0,0,0,0,0,0,0,0,0,0,0,0,0,0,0,0,0,0,0
0.195,200,200,200,200,200,200,200,200,200,200,167,27,18,9,5,2,2,1,0,0,0,0,0,0,0,0,0,0,0,0,0,0,0,0,0,0,0,0,0,0,0,0,0,0,0,0,0,0,0,0,0,0,0,0,0,0,0,0,0
0.2,200,200,200,200,200,200,200,200,200,200,161,27,17,9,5,2,2,1,0,0,0,0,0,0,0,0,0,0,0,0,0,0,0,0,0,0,0,0,0,0,0,0,0,0,0,0,0,0,0,0,0,0,0,0,0,0,0,0,0
0.205,200,200,200,200,200,200,200,200,200,200,158,26,15,4,0,0,0,0,0,0,0,0,0,0,0,0,0,0,0,0,0,0,0,0,0,0,0,0,0,0,0,0,0,0,0,0,0,0,0,0,0,0,0,0,0,0,0,0,0
0.21,200,200,200,200,200,200,200,200,200,200,154,26,14,3,0,0,0,0,0,0,0,0,0,0,0,0,0,0,0,0,0,0,0,0,0,0,0,0,0,0,0,0,0,0,0,0,0,0,0,0,0,0,0,0,0,0,0,0,0
0.215,200,200,200,200,200,200,200,200,200,200,149,25,13,3,0,0,0,0,0,0,0,0,0,0,0,0,0,0,0,0,0,0,0,0,0,0,0,0,0,0,0,0,0,0,0,0,0,0,0,0,0,0,0,0,0,0,0,0,0
0.22,200,200,200,200,200,200,200,200,200,200,145,25,13,2,0,0,0,0,0,0,0,0,0,0,0,0,0,0,0,0,0,0,0,0,0,0,0,0,0,0,0,0,0,0,0,0,0,0,0,0,0,0,0,0,0,0,0,0,0
0.225,200,200,200,200,200,200,200,200,200,200,145,21,11,2,0,0,0,0,0,0,0,0,0,0,0,0,0,0,0,0,0,0,0,0,0,0,0,0,0,0,0,0,0,0,0,0,0,0,0,0,0,0,0,0,0,0,0,0,0
0.23,200,200,200,200,200,200,200,200,200,200,143,20,9,2,0,0,0,0,0,0,0,0,0,0,0,0,0,0,0,0,0,0,0,0,0,0,0,0,0,0,0,0,0,0,0,0,0,0,0,0,0,0,0,0,0,0,0,0,0
0.235,200,200,200,200,200,200,200,200,200,200,141,20,7,0,0,0,0,0,0,0,0,0,0,0,0,0,0,0,0,0,0,0,0,0,0,0,0,0,0,0,0,0,0,0,0,0,0,0,0,0,0,0,0,0,0,0,0,0,0
0.24,200,200,200,200,200,200,200,200,200,199,139,18,7,0,0,0,0,0,0,0,0,0,0,0,0,0,0,0,0,0,0,0,0,0,0,0,0,0,0,0,0,0,0,0,0,0,0,0,0,0,0,0,0,0,0,0,0,0,0
0.245,200,200,200,200,200,200,200,200,200,198,137,18,7,0,0,0,0,0,0,0,0,0,0,0,0,0,0,0,0,0,0,0,0,0,0,0,0,0,0,0,0,0,0,0,0,0,0,0,0,0,0,0,0,0,0,0,0,0,0
0.25,200,200,200,200,200,200,200,200,200,198,135,14,6,0,0,0,0,0,0,0,0,0,0,0,0,0,0,0,0,0,0,0,0,0,0,0,0,0,0,0,0,0,0,0,0,0,0,0,0,0,0,0,0,0,0,0,0,0,0
0.255,200,200,200,200,200,200,200,200,200,198,131,14,6,0,0,0,0,0,0,0,0,0,0,0,0,0,0,0,0,0,0,0,0,0,0,0,0,0,0,0,0,0,0,0,0,0,0,0,0,0,0,0,0,0,0,0,0,0,0
0.26,200,200,200,200,200,200,200,200,200,198,127,13,5,0,0,0,0,0,0,0,0,0,0,0,0,0,0,0,0,0,0,0,0,0,0,0,0,0,0,0,0,0,0,0,0,0,0,0,0,0,0,0,0,0,0,0,0,0,0
0.265,200,200,200,200,200,200,200,200,200,198,125,13,4,0,0,0,0,0,0,0,0,0,0,0,0,0,0,0,0,0,0,0,0,0,0,0,0,0,0,0,0,0,0,0,0,0,0,0,0,0,0,0,0,0,0,0,0,0,0
0.27,200,200,200,200,200,200,200,200,200,198,121,13,3,0,0,0,0,0,0,0,0,0,0,0,0,0,0,0,0,0,0,0,0,0,0,0,0,0,0,0,0,0,0,0,0,0,0,0,0,0,0,0,0,0,0,0,0,0,0
0.275,200,200,200,200,200,200,200,200,200,198,121,12,3,0,0,0,0,0,0,0,0,0,0,0,0,0,0,0,0,0,0,0,0,0,0,0,0,0,0,0,0,0,0,0,0,0,0,0,0,0,0,0,0,0,0,0,0,0,0
0.28,200,200,200,200,200,200,200,200,200,198,121,12,3,0,0,0,0,0,0,0,0,0,0,0,0,0,0,0,0,0,0,0,0,0,0,0,0,0,0,0,0,0,0,0,0,0,0,0,0,0,0,0,0,0,0,0,0,0,0
0.285,200,200,200,200,200,200,200,200,200,198,121,12,3,0,0,0,0,0,0,0,0,0,0,0,0,0,0,0,0,0,0,0,0,0,0,0,0,0,0,0,0,0,0,0,0,0,0,0,0,0,0,0,0,0,0,0,0,0,0
0.29,200,200,200,200,200,200,200,200,200,198,121,11,3,0,0,0,0,0,0,0,0,0,0,0,0,0,0,0,0,0,0,0,0,0,0,0,0,0,0,0,0,0,0,0,0,0,0,0,0,0,0,0,0,0,0,0,0,0,0
0.295,200,200,200,200,200,200,200,200,200,198,120,11,3,0,0,0,0,0,0,0,0,0,0,0,0,0,0,0,0,0,0,0,0,0,0,0,0,0,0,0,0,0,0,0,0,0,0,0,0,0,0,0,0,0,0,0,0,0,0
0.3,200,200,200,200,200,200,200,200,200,198,120,9,1,0,0,0,0,0,0,0,0,0,0,0,0,0,0,0,0,0,0,0,0,0,0,0,0,0,0,0,0,0,0,0,0,0,0,0,0,0,0,0,0,0,0,0,0,0,0
0.305,200,200,200,200,200,200,200,200,200,198,118,9,1,0,0,0,0,0,0,0,0,0,0,0,0,0,0,0,0,0,0,0,0,0,0,0,0,0,0,0,0,0,0,0,0,0,0,0,0,0,0,0,0,0,0,0,0,0,0
0.31,200,200,200,200,200,200,200,200,200,197,117,8,1,0,0,0,0,0,0,0,0,0,0,0,0,0,0,0,0,0,0,0,0,0,0,0,0,0,0,0,0,0,0,0,0,0,0,0,0,0,0,0,0,0,0,0,0,0,0
0.315,200,200,200,200,200,200,200,200,200,196,116,8,0,0,0,0,0,0,0,0,0,0,0,0,0,0,0,0,0,0,0,0,0,0,0,0,0,0,0,0,0,0,0,0,0,0,0,0,0,0,0,0,0,0,0,0,0,0,0
0.32,200,200,200,200,200,200,200,200,200,195,115,8,0,0,0,0,0,0,0,0,0,0,0,0,0,0,0,0,0,0,0,0,0,0,0,0,0,0,0,0,0,0,0,0,0,0,0,0,0,0,0,0,0,0,0,0,0,0,0
0.325,200,200,200,200,200,200,200,200,200,195,113,7,0,0,0,0,0,0,0,0,0,0,0,0,0,0,0,0,0,0,0,0,0,0,0,0,0,0,0,0,0,0,0,0,0,0,0,0,0,0,0,0,0,0,0,0,0,0,0
0.33,200,200,200,200,200,200,200,200,200,195,112,7,0,0,0,0,0,0,0,0,0,0,0,0,0,0,0,0,0,0,0,0,0,0,0,0,0,0,0,0,0,0,0,0,0,0,0,0,0,0,0,0,0,0,0,0,0,0,0
0.335,200,200,200,200,200,200,200,200,200,195,112,7,0,0,0,0,0,0,0,0,0,0,0,0,0,0,0,0,0,0,0,0,0,0,0,0,0,0,0,0,0,0,0,0,0,0,0,0,0,0,0,0,0,0,0,0,0,0,0
0.34,200,200,200,200,200,200,200,200,200,195,112,7,0,0,0,0,0,0,0,0,0,0,0,0,0,0,0,0,0,0,0,0,0,0,0,0,0,0,0,0,0,0,0,0,0,0,0,0,0,0,0,0,0,0,0,0,0,0,0
0.345,200,200,200,200,200,200,200,200,200,194,112,7,0,0,0,0,0,0,0,0,0,0,0,0,0,0,0,0,0,0,0,0,0,0,0,0,0,0,0,0,0,0,0,0,0,0,0,0,0,0,0,0,0,0,0,0,0,0,0
0.35,200,200,200,200,200,200,200,200,200,193,112,7,0,0,0,0,0,0,0,0,0,0,0,0,0,0,0,0,0,0,0,0,0,0,0,0,0,0,0,0,0,0,0,0,0,0,0,0,0,0,0,0,0,0,0,0,0,0,0
0.355,200,200,200,200,200,200,200,200,200,193,112,6,0,0,0,0,0,0,0,0,0,0,0,0,0,0,0,0,0,0,0,0,0,0,0,0,0,0,0,0,0,0,0,0,0,0,0,0,0,0,0,0,0,0,0,0,0,0,0
0.36,200,200,200,200,200,200,200,200,200,193,111,5,0,0,0,0,0,0,0,0,0,0,0,0,0,0,0,0,0,0,0,0,0,0,0,0,0,0,0,0,0,0,0,0,0,0,0,0,0,0,0,0,0,0,0,0,0,0,0
0.365,200,200,200,200,200,200,200,200,200,193,111,5,0,0,0,0,0,0,0,0,0,0,0,0,0,0,0,0,0,0,0,0,0,0,0,0,0,0,0,0,0,0,0,0,0,0,0,0,0,0,0,0,0,0,0,0,0,0,0
0.37,200,200,200,200,200,200,200,200,200,193,109,5,0,0,0,0,0,0,0,0,0,0,0,0,0,0,0,0,0,0,0,0,0,0,0,0,0,0,0,0,0,0,0,0,0,0,0,0,0,0,0,0,0,0,0,0,0,0,0
0.375,200,200,200,200,200,200,200,200,200,192,109,5,0,0,0,0,0,0,0,0,0,0,0,0,0,0,0,0,0,0,0,0,0,0,0,0,0,0,0,0,0,0,0,0,0,0,0,0,0,0,0,0,0,0,0,0,0,0,0
0.38,200,200,200,200,200,200,200,200,200,192,107,5,0,0,0,0,0,0,0,0,0,0,0,0,0,0,0,0,0,0,0,0,0,0,0,0,0,0,0,0,0,0,0,0,0,0,0,0,0,0,0,0,0,0,0,0,0,0,0
0.385,200,200,200,200,200,200,200,200,200,191,107,5,0,0,0,0,0,0,0,0,0,0,0,0,0,0,0,0,0,0,0,0,0,0,0,0,0,0,0,0,0,0,0,0,0,0,0,0,0,0,0,0,0,0,0,0,0,0,0
0.39,200,200,200,200,200,200,200,200,200,191,106,5,0,0,0,0,0,0,0,0,0,0,0,0,0,0,0,0,0,0,0,0,0,0,0,0,0,0,0,0,0,0,0,0,0,0,0,0,0,0,0,0,0,0,0,0,0,0,0
0.395,200,200,200,200,200,200,200,200,200,191,103,5,0,0,0,0,0,0,0,0,0,0,0,0,0,0,0,0,0,0,0,0,0,0,0,0,0,0,0,0,0,0,0,0,0,0,0,0,0,0,0,0,0,0,0,0,0,0,0
0.4,200,200,200,200,200,200,200,200,200,190,102,5,0,0,0,0,0,0,0,0,0,0,0,0,0,0,0,0,0,0,0,0,0,0,0,0,0,0,0,0,0,0,0,0,0,0,0,0,0,0,0,0,0,0,0,0,0,0,0
0.405,200,200,200,200,200,200,200,200,200,190,101,5,0,0,0,0,0,0,0,0,0,0,0,0,0,0,0,0,0,0,0,0,0,0,0,0,0,0,0,0,0,0,0,0,0,0,0,0,0,0,0,0,0,0,0,0,0,0,0
0.41,200,200,200,200,200,200,200,200,200,190,101,5,0,0,0,0,0,0,0,0,0,0,0,0,0,0,0,0,0,0,0,0,0,0,0,0,0,0,0,0,0,0,0,0,0,0,0,0,0,0,0,0,0,0,0,0,0,0,0
0.415,200,200,200,200,200,200,200,200,200,190,96,5,0,0,0,0,0,0,0,0,0,0,0,0,0,0,0,0,0,0,0,0,0,0,0,0,0,0,0,0,0,0,0,0,0,0,0,0,0,0,0,0,0,0,0,0,0,0,0
0.42,200,200,200,200,200,200,200,200,200,187,94,5,0,0,0,0,0,0,0,0,0,0,0,0,0,0,0,0,0,0,0,0,0,0,0,0,0,0,0,0,0,0,0,0,0,0,0,0,0,0,0,0,0,0,0,0,0,0,0
0.425,200,200,200,200,200,200,200,200,200,185,91,5,0,0,0,0,0,0,0,0,0,0,0,0,0,0,0,0,0,0,0,0,0,0,0,0,0,0,0,0,0,0,0,0,0,0,0,0,0,0,0,0,0,0,0,0,0,0,0
0.43,200,200,200,200,200,200,200,200,200,181,90,5,0,0,0,0,0,0,0,0,0,0,0,0,0,0,0,0,0,0,0,0,0,0,0,0,0,0,0,0,0,0,0,0,0,0,0,0,0,0,0,0,0,0,0,0,0,0,0
0.435,200,200,200,200,200,200,200,200,200,178,88,5,0,0,0,0,0,0,0,0,0,0,0,0,0,0,0,0,0,0,0,0,0,0,0,0,0,0,0,0,0,0,0,0,0,0,0,0,0,0,0,0,0,0,0,0,0,0,0
0.44,200,200,200,200,200,200,200,200,200,178,88,5,0,0,0,0,0,0,0,0,0,0,0,0,0,0,0,0,0,0,0,0,0,0,0,0,0,0,0,0,0,0,0,0,0,0,0,0,0,0,0,0,0,0,0,0,0,0,0
0.445,200,200,200,200,200,200,200,200,200,178,87,5,0,0,0,0,0,0,0,0,0,0,0,0,0,0,0,0,0,0,0,0,0,0,0,0,0,0,0,0,0,0,0,0,0,0,0,0,0,0,0,0,0,0,0,0,0,0,0
0.45,200,200,200,200,200,200,200,200,200,178,86,5,0,0,0,0,0,0,0,0,0,0,0,0,0,0,0,0,0,0,0,0,0,0,0,0,0,0,0,0,0,0,0,0,0,0,0,0,0,0,0,0,0,0,0,0,0,0,0
0.455,200,200,200,200,200,200,200,200,200,177,86,5,0,0,0,0,0,0,0,0,0,0,0,0,0,0,0,0,0,0,0,0,0,0,0,0,0,0,0,0,0,0,0,0,0,0,0,0,0,0,0,0,0,0,0,0,0,0,0
0.46,200,200,200,200,200,200,200,200,200,174,85,5,0,0,0,0,0,0,0,0,0,0,0,0,0,0,0,0,0,0,0,0,0,0,0,0,0,0,0,0,0,0,0,0,0,0,0,0,0,0,0,0,0,0,0,0,0,0,0
0.465,200,200,200,200,200,200,200,200,200,174,85,5,0,0,0,0,0,0,0,0,0,0,0,0,0,0,0,0,0,0,0,0,0,0,0,0,0,0,0,0,0,0,0,0,0,0,0,0,0,0,0,0,0,0,0,0,0,0,0
0.47,200,200,200,200,200,200,200,200,200,171,83,5,0,0,0,0,0,0,0,0,0,0,0,0,0,0,0,0,0,0,0,0,0,0,0,0,0,0,0,0,0,0,0,0,0,0,0,0,0,0,0,0,0,0,0,0,0,0,0
0.475,200,200,200,200,200,200,200,200,200,169,83,5,0,0,0,0,0,0,0,0,0,0,0,0,0,0,0,0,0,0,0,0,0,0,0,0,0,0,0,0,0,0,0,0,0,0,0,0,0,0,0,0,0,0,0,0,0,0,0
0.48,200,200,200,200,200,200,200,200,200,169,82,5,0,0,0,0,0,0,0,0,0,0,0,0,0,0,0,0,0,0,0,0,0,0,0,0,0,0,0,0,0,0,0,0,0,0,0,0,0,0,0,0,0,0,0,0,0,0,0
0.485,200,200,200,200,200,200,200,200,200,165,81,5,0,0,0,0,0,0,0,0,0,0,0,0,0,0,0,0,0,0,0,0,0,0,0,0,0,0,0,0,0,0,0,0,0,0,0,0,0,0,0,0,0,0,0,0,0,0,0
0.49,200,200,200,200,200,200,200,200,200,164,80,5,0,0,0,0,0,0,0,0,0,0,0,0,0,0,0,0,0,0,0,0,0,0,0,0,0,0,0,0,0,0,0,0,0,0,0,0,0,0,0,0,0,0,0,0,0,0,0
0.495,200,200,200,200,200,200,200,200,200,162,80,5,0,0,0,0,0,0,0,0,0,0,0,0,0,0,0,0,0,0,0,0,0,0,0,0,0,0,0,0,0,0,0,0,0,0,0,0,0,0,0,0,0,0,0,0,0,0,0
0.5,200,200,200,200,200,200,200,200,200,158,80,5,0,0,0,0,0,0,0,0,0,0,0,0,0,0,0,0,0,0,0,0,0,0,0,0,0,0,0,0,0,0,0,0,0,0,0,0,0,0,0,0,0,0,0,0,0,0,0
